comment_id,video_id,video_url,comment_text,signal,confidence,reason,video_title,channel_title,comment_like_count,priority_level
UgxTxoLmYoRSdkowzmR4AaABAg,RkNkmIt2UZ8,https://www.youtube.com/watch?v=RkNkmIt2UZ8,What techpouch do you suggest that can suit a big gaming laptop charger? Thanks,purchase_intent,0.95,"The user explicitly asks for a tech pouch recommendation that can fit a large gaming laptop charger. This is a clear request for a storage/organization product, indicating intent to purchase a tech pouch for carrying equipment.",10 BRILLIANT Tech Pouches for Travel + Everyday Carry (2026 Guide),Nomads Nation ,0,general
UgxYBHMX63ZJbBZhIAR4AaABAg,bgcUT0SKs14,https://www.youtube.com/watch?v=bgcUT0SKs14,"i threw away the hard case for my dji, i thought it was packing material 😢",wishful_thinking,0.95,"The comment expresses regret about throwing away the hard case for a DJI drone, mistakenly thinking it was packing material. This clearly indicates a wishful thinking signal, as the user regrets not keeping the protective case. The hard case for a drone is a professional storage/protective product within scope.",My Everyday Carry Tech - EDC 2026!,Byte Review,0,medium
UgztqPOVzMzYZ-TlfWt4AaABAg,RkNkmIt2UZ8,https://www.youtube.com/watch?v=RkNkmIt2UZ8,"Great video. I bought loads of them a year ago, loaded up, and kept the most useful. That ended up being the large Peak (replacement for office drawers as they were removed) and both sizes of Tomtoc (one for travel, one for EDC).",supply_recommendation,0.95,"The user explicitly recommends specific tech pouches (Peak, Tomtoc) for travel and EDC organization. These are professional storage products (tech pouches) with independent use value. The comment describes buying and using them for specific scenarios.",10 BRILLIANT Tech Pouches for Travel + Everyday Carry (2026 Guide),Nomads Nation ,0,general
Ugz2viweFNBX6AOOEgF4AaABAg,-H-NcR9VAHI,https://www.youtube.com/watch?v=-H-NcR9VAHI,I want this case only!,purchase_intent,0.9,"The comment explicitly states 'I want this case only!', referring to a case shown in a video about a photography kit. This indicates a clear desire to purchase the protective/storage case for camera equipment.",OPPO Find X9 Ultra Hasselblad Earth Explorer Photography Kit,Isa does tech,0,general
UgyiR_o8pAySiv5Vrfd4AaABAg,bgcUT0SKs14,https://www.youtube.com/watch?v=bgcUT0SKs14,That Shupätto bag looks amazing!!,supply_recommendation,0.9,"The user says 'That Shupätto bag looks amazing!!' referring to a bag shown in an EDC video. This is a positive recommendation/reaction to a storage bag, which is a professional protective product for everyday carry items.",My Everyday Carry Tech - EDC 2026!,Byte Review,0,general
Ugw7H7qW--oo3FqDCsN4AaABAg.AW2juqlD2wLAW41_yMtXcT,-H-NcR9VAHI,https://www.youtube.com/watch?v=-H-NcR9VAHI,​​@Isadoes_hahahha  you're right....   i did turn on the captions so managed to understand it all...  no malice meant..🎉.... nice combo the orange and the hasselblad phone cover....  i aim to get 1 next week....the 10x optical zoom got me.❤,purchase_intent,0.9,"The user mentions 'the orange and the hasselblad phone cover' and says 'i aim to get 1 next week'. Although it is a phone cover, the context is a photography kit with a professional camera attachment, and the cover is part of a specialized photography equipment set. However, it is still a phone case, which is excluded. The comment also expresses intent to buy the phone for its 10x optical zoom, not the case.",OPPO Find X9 Ultra Hasselblad Earth Explorer Photography Kit,Isa does tech,0,general
UgyORn1Y3J3l-sEBxZd4AaABAg,yoH7ysP_ahM,https://www.youtube.com/watch?v=yoH7ysP_ahM,If you can find them Filson did a few camera bags with Mangum,supply_recommendation,0.9,"The comment recommends Filson camera bags made in collaboration with Mangum. Camera bags are professional storage/protective products within scope. The user suggests finding these bags, which constitutes a supply recommendation.",Four everyday carry camera bags!  #photography #everydaycarrygear,Dave Herring,0,general
Ugy8U40qXIm9pte5wuh4AaABAg.AVkJzKXthW2AVx_OgEWnV2,r5MEHafYweo,https://www.youtube.com/watch?v=r5MEHafYweo,These sound like mini backpacks right? The Vanguard sound much bigger. I’m assuming 36 L. I think my Torvol is 30 L + 10 with the roll top. I will check out the Eastpack. Thanks for sharing your gear and preferences,comparison_research,0.9,"The comment compares different camera bags (Vanguard, Torvol, Eastpack) by size and features. This is an active comparison of professional storage products for camera gear, indicating the user is researching which bag to choose.",The Best Budget Camera Sling for Travel Photography,Cyprus Photography Tours,1,general
UgzUfus0bG9I9lWjF0x4AaABAg,J74PqmPW4cc,https://www.youtube.com/watch?v=J74PqmPW4cc,I love Alien Gear Photon but they don’t make it for the smith and Wesson  bodyguard 2.0 carry comp which is my edc,problem_complaint,0.85,"The user mentions they love a specific holster brand (Alien Gear Photon) but it is not available for their firearm model. Holsters are protective products for firearms, which fall under professional protective cases/containers. The comment expresses dissatisfaction with the lack of compatibility.",Amazon Budget Pistol Setup You’ll Actually Use (And What to Skip for Your EDC),Doug Johnson,0,general
UgwLgpzxrXhayUghChZ4AaABAg.AVprJ6inNefAW4AEWM6cXB,J74PqmPW4cc,https://www.youtube.com/watch?v=J74PqmPW4cc,"That olight se is awesome, I have one and it holds zero great so far",supply_recommendation,0.85,"The user positively reviews an Olight SE (likely a firearm light or accessory), stating it 'holds zero great'. While this is a positive recommendation, it is about a light, not a storage or protective case. The product is an accessory, not a protective container.",Amazon Budget Pistol Setup You’ll Actually Use (And What to Skip for Your EDC),Doug Johnson,0,general
UgyxNBYOrOSDf-WQ-AF4AaABAg.AVyQ3GFzaFnAVyaLU5PRoY,PZwO0s0XixM,https://www.youtube.com/watch?v=PZwO0s0XixM,"YouTube started auto-tagging products last week for channels that have YouTube Shopping enabled. I can remove those product tags, but 1) they helpful for viewers, and 2) in this case, I'm recommending the camera and the replacement lenses, so I definitely don't mind making ~5% commission if someone chooses to buy them after watching my video. I promise I have no affiliation with Insta360. 

I'll prove it by listing my complaints:

1. Their plug-in for Adobe premiere doesn't have any subject tracking making editing really cumbersome 

2. Their invisible selfie stick is way too expensive for how crappy the construction is. Feels like a toy.

3. I wish the lenses were made out of sapphire like most flagship smartphones cameras (they should at least offer them as an upgrade) 

4. I'm pretty sure this is unavoidable (optically speaking), but it REALLY sucks that you cannot use the camera in 360 mode underwater without a dive case. 

5. I purchased their pro dive case and, on top of being huge, cumbersome, and optically poor, it's made out of plastic and scratches effortlessly.",problem_complaint,0.85,"The comment explicitly complains about the Insta360 dive case being 'huge, cumbersome, optically poor, and scratches effortlessly.' This is a clear dissatisfaction with a professional protective product (dive case) for camera equipment.",Insta360's Best Feature,Justin & Jess,6,general
UgzhQdvUkm8OG2zgMRR4AaABAg,bgcUT0SKs14,https://www.youtube.com/watch?v=bgcUT0SKs14,10:36 try Bellroy for slings. I love them. Another Australian brand haha,supply_recommendation,0.85,"The comment recommends Bellroy slings (a type of bag/sling for carrying items). Slings are professional storage products for everyday carry, and the comment explicitly recommends the brand.",My Everyday Carry Tech - EDC 2026!,Byte Review,0,general
Ugy8U40qXIm9pte5wuh4AaABAg.AVkJzKXthW2AVx_u3u__It,r5MEHafYweo,https://www.youtube.com/watch?v=r5MEHafYweo,@CyprusPhotographyToursthink it’s just a number is it’s a shoulder bag and the insert which takes about 65% of the internal space sits in the bottom of my Eastpak with enough room to put a small roll up anorak alongside it.,usage_scenario,0.85,The comment describes using a camera bag insert inside an Eastpak backpack for travel photography. This details a specific usage scenario for a protective storage product (camera insert/bag) to organize and protect gear while traveling.,The Best Budget Camera Sling for Travel Photography,Cyprus Photography Tours,0,general
UgwSnXmAh1MF0siaCD14AaABAg,CiaTDj-JmlI,https://www.youtube.com/watch?v=CiaTDj-JmlI,Putting your camera bag in your checked luggage is crazy 😭,usage_scenario,0.8,"The comment expresses concern about putting a camera bag in checked luggage, implying a need for protective storage during travel. While it does not explicitly demand a product, it highlights a usage scenario where protection is critical.",What's in my camera bag for 2026,Mitch Lally,5,general
UgyWxBqNsJW5m-6pVwV4AaABAg.AVB7aTCkKH-AW4nJ9ciO7p,8XdXpgVRMeU,https://www.youtube.com/watch?v=8XdXpgVRMeU,where is the part they show the bag?,usage_scenario,0.7,"The user asks 'where is the part they show the bag?' in a video about a camera bag. This indicates interest in seeing the bag itself, which is a storage product for camera equipment. However, it is a passive question rather than an explicit demand signal.",What’s In MY Camera Bag? (2026 Edition),Jared Polin,0,general
Ugx8EfcHrXl-4d1Iujp4AaABAg,CiaTDj-JmlI,https://www.youtube.com/watch?v=CiaTDj-JmlI,How is the bag?,usage_scenario,0.7,"The comment asks 'How is the bag?' in a video titled 'What's in my camera bag for 2026'. This directly inquires about a camera bag, which is a professional storage product for photography equipment. The context suggests the user is evaluating the bag for their own use scenario.",What's in my camera bag for 2026,Mitch Lally,0,general
