category,object,query,type
photography,camera,camera hard case,protection
photography,camera,camera protective case,protection
photography,camera,camera storage case,storage
photography,camera,camera carry case,storage
photography,camera,camera everyday carry,usage
photography,camera,camera EDC setup,usage
photography,camera,camera damaged,problem
photography,camera,camera best case for,problem
photography,DSLR,DSLR hard case,protection
photography,DSLR,DSLR protective case,protection
photography,DSLR,DSLR storage case,storage
photography,DSLR,DSLR carry case,storage
photography,DSLR,DSLR everyday carry,usage
photography,DSLR,DSLR EDC setup,usage
photography,DSLR,DSLR damaged,problem
photography,DSLR,DSLR best case for,problem
photography,mirrorless camera,mirrorless camera hard case,protection
photography,mirrorless camera,mirrorless camera protective case,protection
photography,mirrorless camera,mirrorless camera storage case,storage
photography,mirrorless camera,mirrorless camera carry case,storage
photography,mirrorless camera,mirrorless camera everyday carry,usage
photography,mirrorless camera,mirrorless camera EDC setup,usage
photography,mirrorless camera,mirrorless camera damaged,problem
photography,mirrorless camera,mirrorless camera best case for,problem
photography,camera lens,camera lens hard case,protection
photography,camera lens,camera lens protective case,protection
photography,camera lens,camera lens storage case,storage
photography,camera lens,camera lens carry case,storage
photography,camera lens,camera lens everyday carry,usage
photography,camera lens,camera lens EDC setup,usage
photography,camera lens,camera lens damaged,problem
photography,camera lens,camera lens best case for,problem
photography,GoPro,GoPro hard case,protection
photography,GoPro,GoPro protective case,protection
photography,GoPro,GoPro storage case,storage
photography,GoPro,GoPro carry case,storage
photography,GoPro,GoPro everyday carry,usage
photography,GoPro,GoPro EDC setup,usage
photography,GoPro,GoPro damaged,problem
photography,GoPro,GoPro best case for,problem
photography,drone,drone hard case,protection
photography,drone,drone protective case,protection
photography,drone,drone storage case,storage
photography,drone,drone carry case,storage
photography,drone,drone everyday carry,usage
photography,drone,drone EDC setup,usage
photography,drone,drone damaged,problem
photography,drone,drone best case for,problem
musical_instruments,guitar,guitar hard case,protection
musical_instruments,guitar,guitar protective case,protection
musical_instruments,guitar,guitar storage case,storage
musical_instruments,guitar,guitar carry case,storage
musical_instruments,guitar,guitar everyday carry,usage
musical_instruments,guitar,guitar EDC setup,usage
musical_instruments,guitar,guitar damaged,problem
musical_instruments,guitar,guitar best case for,problem
musical_instruments,violin,violin hard case,protection
musical_instruments,violin,violin protective case,protection
musical_instruments,violin,violin storage case,storage
musical_instruments,violin,violin carry case,storage
musical_instruments,violin,violin everyday carry,usage
musical_instruments,violin,violin EDC setup,usage
musical_instruments,violin,violin damaged,problem
musical_instruments,violin,violin best case for,problem
musical_instruments,drums,drums hard case,protection
musical_instruments,drums,drums protective case,protection
musical_instruments,drums,drums storage case,storage
musical_instruments,drums,drums carry case,storage
musical_instruments,drums,drums everyday carry,usage
musical_instruments,drums,drums EDC setup,usage
musical_instruments,drums,drums damaged,problem
musical_instruments,drums,drums best case for,problem
musical_instruments,keyboard piano,keyboard piano hard case,protection
musical_instruments,keyboard piano,keyboard piano protective case,protection
musical_instruments,keyboard piano,keyboard piano storage case,storage
musical_instruments,keyboard piano,keyboard piano carry case,storage
musical_instruments,keyboard piano,keyboard piano everyday carry,usage
musical_instruments,keyboard piano,keyboard piano EDC setup,usage
musical_instruments,keyboard piano,keyboard piano damaged,problem
musical_instruments,keyboard piano,keyboard piano best case for,problem
musical_instruments,synthesizer,synthesizer hard case,protection
musical_instruments,synthesizer,synthesizer protective case,protection
musical_instruments,synthesizer,synthesizer storage case,storage
musical_instruments,synthesizer,synthesizer carry case,storage
musical_instruments,synthesizer,synthesizer everyday carry,usage
musical_instruments,synthesizer,synthesizer EDC setup,usage
musical_instruments,synthesizer,synthesizer damaged,problem
musical_instruments,synthesizer,synthesizer best case for,problem
musical_instruments,DJ controller,DJ controller hard case,protection
musical_instruments,DJ controller,DJ controller protective case,protection
musical_instruments,DJ controller,DJ controller storage case,storage
musical_instruments,DJ controller,DJ controller carry case,storage
musical_instruments,DJ controller,DJ controller everyday carry,usage
musical_instruments,DJ controller,DJ controller EDC setup,usage
musical_instruments,DJ controller,DJ controller damaged,problem
musical_instruments,DJ controller,DJ controller best case for,problem
outdoor_camping,tent,tent hard case,protection
outdoor_camping,tent,tent protective case,protection
outdoor_camping,tent,tent storage case,storage
outdoor_camping,tent,tent carry case,storage
outdoor_camping,tent,tent everyday carry,usage
outdoor_camping,tent,tent EDC setup,usage
outdoor_camping,tent,tent damaged,problem
outdoor_camping,tent,tent best case for,problem
outdoor_camping,sleeping bag,sleeping bag hard case,protection
outdoor_camping,sleeping bag,sleeping bag protective case,protection
outdoor_camping,sleeping bag,sleeping bag storage case,storage
outdoor_camping,sleeping bag,sleeping bag carry case,storage
outdoor_camping,sleeping bag,sleeping bag everyday carry,usage
outdoor_camping,sleeping bag,sleeping bag EDC setup,usage
outdoor_camping,sleeping bag,sleeping bag damaged,problem
outdoor_camping,sleeping bag,sleeping bag best case for,problem
outdoor_camping,camping cookware,camping cookware hard case,protection
outdoor_camping,camping cookware,camping cookware protective case,protection
outdoor_camping,camping cookware,camping cookware storage case,storage
outdoor_camping,camping cookware,camping cookware carry case,storage
outdoor_camping,camping cookware,camping cookware everyday carry,usage
outdoor_camping,camping cookware,camping cookware EDC setup,usage
outdoor_camping,camping cookware,camping cookware damaged,problem
outdoor_camping,camping cookware,camping cookware best case for,problem
outdoor_camping,fishing gear,fishing gear hard case,protection
outdoor_camping,fishing gear,fishing gear protective case,protection
outdoor_camping,fishing gear,fishing gear storage case,storage
outdoor_camping,fishing gear,fishing gear carry case,storage
outdoor_camping,fishing gear,fishing gear everyday carry,usage
outdoor_camping,fishing gear,fishing gear EDC setup,usage
outdoor_camping,fishing gear,fishing gear damaged,problem
outdoor_camping,fishing gear,fishing gear best case for,problem
outdoor_camping,climbing gear,climbing gear hard case,protection
outdoor_camping,climbing gear,climbing gear protective case,protection
outdoor_camping,climbing gear,climbing gear storage case,storage
outdoor_camping,climbing gear,climbing gear carry case,storage
outdoor_camping,climbing gear,climbing gear everyday carry,usage
outdoor_camping,climbing gear,climbing gear EDC setup,usage
outdoor_camping,climbing gear,climbing gear damaged,problem
outdoor_camping,climbing gear,climbing gear best case for,problem
outdoor_camping,portable stove,portable stove hard case,protection
outdoor_camping,portable stove,portable stove protective case,protection
outdoor_camping,portable stove,portable stove storage case,storage
outdoor_camping,portable stove,portable stove carry case,storage
outdoor_camping,portable stove,portable stove everyday carry,usage
outdoor_camping,portable stove,portable stove EDC setup,usage
outdoor_camping,portable stove,portable stove damaged,problem
outdoor_camping,portable stove,portable stove best case for,problem
travel_luggage,luggage,luggage hard case,protection
travel_luggage,luggage,luggage protective case,protection
travel_luggage,luggage,luggage storage case,storage
travel_luggage,luggage,luggage carry case,storage
travel_luggage,luggage,luggage everyday carry,usage
travel_luggage,luggage,luggage EDC setup,usage
travel_luggage,luggage,luggage damaged,problem
travel_luggage,luggage,luggage best case for,problem
travel_luggage,suitcase,suitcase hard case,protection
travel_luggage,suitcase,suitcase protective case,protection
travel_luggage,suitcase,suitcase storage case,storage
travel_luggage,suitcase,suitcase carry case,storage
travel_luggage,suitcase,suitcase everyday carry,usage
travel_luggage,suitcase,suitcase EDC setup,usage
travel_luggage,suitcase,suitcase damaged,problem
travel_luggage,suitcase,suitcase best case for,problem
travel_luggage,travel bag,travel bag hard case,protection
travel_luggage,travel bag,travel bag protective case,protection
travel_luggage,travel bag,travel bag storage case,storage
travel_luggage,travel bag,travel bag carry case,storage
travel_luggage,travel bag,travel bag everyday carry,usage
travel_luggage,travel bag,travel bag EDC setup,usage
travel_luggage,travel bag,travel bag damaged,problem
travel_luggage,travel bag,travel bag best case for,problem
travel_luggage,toiletry bag,toiletry bag hard case,protection
travel_luggage,toiletry bag,toiletry bag protective case,protection
travel_luggage,toiletry bag,toiletry bag storage case,storage
travel_luggage,toiletry bag,toiletry bag carry case,storage
travel_luggage,toiletry bag,toiletry bag everyday carry,usage
travel_luggage,toiletry bag,toiletry bag EDC setup,usage
travel_luggage,toiletry bag,toiletry bag damaged,problem
travel_luggage,toiletry bag,toiletry bag best case for,problem
travel_luggage,cable organizer,cable organizer hard case,protection
travel_luggage,cable organizer,cable organizer protective case,protection
travel_luggage,cable organizer,cable organizer storage case,storage
travel_luggage,cable organizer,cable organizer carry case,storage
travel_luggage,cable organizer,cable organizer everyday carry,usage
travel_luggage,cable organizer,cable organizer EDC setup,usage
travel_luggage,cable organizer,cable organizer damaged,problem
travel_luggage,cable organizer,cable organizer best case for,problem
travel_luggage,packing cube,packing cube hard case,protection
travel_luggage,packing cube,packing cube protective case,protection
travel_luggage,packing cube,packing cube storage case,storage
travel_luggage,packing cube,packing cube carry case,storage
travel_luggage,packing cube,packing cube everyday carry,usage
travel_luggage,packing cube,packing cube EDC setup,usage
travel_luggage,packing cube,packing cube damaged,problem
travel_luggage,packing cube,packing cube best case for,problem
gaming_console,Steam Deck,Steam Deck hard case,protection
gaming_console,Steam Deck,Steam Deck protective case,protection
gaming_console,Steam Deck,Steam Deck storage case,storage
gaming_console,Steam Deck,Steam Deck carry case,storage
gaming_console,Steam Deck,Steam Deck everyday carry,usage
gaming_console,Steam Deck,Steam Deck EDC setup,usage
gaming_console,Steam Deck,Steam Deck damaged,problem
gaming_console,Steam Deck,Steam Deck best case for,problem
gaming_console,Nintendo Switch,Nintendo Switch hard case,protection
gaming_console,Nintendo Switch,Nintendo Switch protective case,protection
gaming_console,Nintendo Switch,Nintendo Switch storage case,storage
gaming_console,Nintendo Switch,Nintendo Switch carry case,storage
gaming_console,Nintendo Switch,Nintendo Switch everyday carry,usage
gaming_console,Nintendo Switch,Nintendo Switch EDC setup,usage
gaming_console,Nintendo Switch,Nintendo Switch damaged,problem
gaming_console,Nintendo Switch,Nintendo Switch best case for,problem
gaming_console,PlayStation,PlayStation hard case,protection
gaming_console,PlayStation,PlayStation protective case,protection
gaming_console,PlayStation,PlayStation storage case,storage
gaming_console,PlayStation,PlayStation carry case,storage
gaming_console,PlayStation,PlayStation everyday carry,usage
gaming_console,PlayStation,PlayStation EDC setup,usage
gaming_console,PlayStation,PlayStation damaged,problem
gaming_console,PlayStation,PlayStation best case for,problem
gaming_console,gaming headset,gaming headset hard case,protection
gaming_console,gaming headset,gaming headset protective case,protection
gaming_console,gaming headset,gaming headset storage case,storage
gaming_console,gaming headset,gaming headset carry case,storage
gaming_console,gaming headset,gaming headset everyday carry,usage
gaming_console,gaming headset,gaming headset EDC setup,usage
gaming_console,gaming headset,gaming headset damaged,problem
gaming_console,gaming headset,gaming headset best case for,problem
gaming_console,VR headset,VR headset hard case,protection
gaming_console,VR headset,VR headset protective case,protection
gaming_console,VR headset,VR headset storage case,storage
gaming_console,VR headset,VR headset carry case,storage
gaming_console,VR headset,VR headset everyday carry,usage
gaming_console,VR headset,VR headset EDC setup,usage
gaming_console,VR headset,VR headset damaged,problem
gaming_console,VR headset,VR headset best case for,problem
gaming_console,gaming mouse,gaming mouse hard case,protection
gaming_console,gaming mouse,gaming mouse protective case,protection
gaming_console,gaming mouse,gaming mouse storage case,storage
gaming_console,gaming mouse,gaming mouse carry case,storage
gaming_console,gaming mouse,gaming mouse everyday carry,usage
gaming_console,gaming mouse,gaming mouse EDC setup,usage
gaming_console,gaming mouse,gaming mouse damaged,problem
gaming_console,gaming mouse,gaming mouse best case for,problem
tools_equipment,power tools,power tools hard case,protection
tools_equipment,power tools,power tools protective case,protection
tools_equipment,power tools,power tools storage case,storage
tools_equipment,power tools,power tools carry case,storage
tools_equipment,power tools,power tools everyday carry,usage
tools_equipment,power tools,power tools EDC setup,usage
tools_equipment,power tools,power tools damaged,problem
tools_equipment,power tools,power tools best case for,problem
tools_equipment,drill,drill hard case,protection
tools_equipment,drill,drill protective case,protection
tools_equipment,drill,drill storage case,storage
tools_equipment,drill,drill carry case,storage
tools_equipment,drill,drill everyday carry,usage
tools_equipment,drill,drill EDC setup,usage
tools_equipment,drill,drill damaged,problem
tools_equipment,drill,drill best case for,problem
tools_equipment,oscilloscope,oscilloscope hard case,protection
tools_equipment,oscilloscope,oscilloscope protective case,protection
tools_equipment,oscilloscope,oscilloscope storage case,storage
tools_equipment,oscilloscope,oscilloscope carry case,storage
tools_equipment,oscilloscope,oscilloscope everyday carry,usage
tools_equipment,oscilloscope,oscilloscope EDC setup,usage
tools_equipment,oscilloscope,oscilloscope damaged,problem
tools_equipment,oscilloscope,oscilloscope best case for,problem
tools_equipment,soldering iron,soldering iron hard case,protection
tools_equipment,soldering iron,soldering iron protective case,protection
tools_equipment,soldering iron,soldering iron storage case,storage
tools_equipment,soldering iron,soldering iron carry case,storage
tools_equipment,soldering iron,soldering iron everyday carry,usage
tools_equipment,soldering iron,soldering iron EDC setup,usage
tools_equipment,soldering iron,soldering iron damaged,problem
tools_equipment,soldering iron,soldering iron best case for,problem
tools_equipment,3D printer,3D printer hard case,protection
tools_equipment,3D printer,3D printer protective case,protection
tools_equipment,3D printer,3D printer storage case,storage
tools_equipment,3D printer,3D printer carry case,storage
tools_equipment,3D printer,3D printer everyday carry,usage
tools_equipment,3D printer,3D printer EDC setup,usage
tools_equipment,3D printer,3D printer damaged,problem
tools_equipment,3D printer,3D printer best case for,problem
tools_equipment,multimeter,multimeter hard case,protection
tools_equipment,multimeter,multimeter protective case,protection
tools_equipment,multimeter,multimeter storage case,storage
tools_equipment,multimeter,multimeter carry case,storage
tools_equipment,multimeter,multimeter everyday carry,usage
tools_equipment,multimeter,multimeter EDC setup,usage
tools_equipment,multimeter,multimeter damaged,problem
tools_equipment,multimeter,multimeter best case for,problem
collectibles,figurine,figurine hard case,protection
collectibles,figurine,figurine protective case,protection
collectibles,figurine,figurine storage case,storage
collectibles,figurine,figurine carry case,storage
collectibles,figurine,figurine everyday carry,usage
collectibles,figurine,figurine EDC setup,usage
collectibles,figurine,figurine damaged,problem
collectibles,figurine,figurine best case for,problem
collectibles,action figure,action figure hard case,protection
collectibles,action figure,action figure protective case,protection
collectibles,action figure,action figure storage case,storage
collectibles,action figure,action figure carry case,storage
collectibles,action figure,action figure everyday carry,usage
collectibles,action figure,action figure EDC setup,usage
collectibles,action figure,action figure damaged,problem
collectibles,action figure,action figure best case for,problem
collectibles,PVC statue,PVC statue hard case,protection
collectibles,PVC statue,PVC statue protective case,protection
collectibles,PVC statue,PVC statue storage case,storage
collectibles,PVC statue,PVC statue carry case,storage
collectibles,PVC statue,PVC statue everyday carry,usage
collectibles,PVC statue,PVC statue EDC setup,usage
collectibles,PVC statue,PVC statue damaged,problem
collectibles,PVC statue,PVC statue best case for,problem
collectibles,anime figure,anime figure hard case,protection
collectibles,anime figure,anime figure protective case,protection
collectibles,anime figure,anime figure storage case,storage
collectibles,anime figure,anime figure carry case,storage
collectibles,anime figure,anime figure everyday carry,usage
collectibles,anime figure,anime figure EDC setup,usage
collectibles,anime figure,anime figure damaged,problem
collectibles,anime figure,anime figure best case for,problem
collectibles,Lego set,Lego set hard case,protection
collectibles,Lego set,Lego set protective case,protection
collectibles,Lego set,Lego set storage case,storage
collectibles,Lego set,Lego set carry case,storage
collectibles,Lego set,Lego set everyday carry,usage
collectibles,Lego set,Lego set EDC setup,usage
collectibles,Lego set,Lego set damaged,problem
collectibles,Lego set,Lego set best case for,problem
collectibles,vinyl record,vinyl record hard case,protection
collectibles,vinyl record,vinyl record protective case,protection
collectibles,vinyl record,vinyl record storage case,storage
collectibles,vinyl record,vinyl record carry case,storage
collectibles,vinyl record,vinyl record everyday carry,usage
collectibles,vinyl record,vinyl record EDC setup,usage
collectibles,vinyl record,vinyl record damaged,problem
collectibles,vinyl record,vinyl record best case for,problem
electronic_accessories,hard drive,hard drive hard case,protection
electronic_accessories,hard drive,hard drive protective case,protection
electronic_accessories,hard drive,hard drive storage case,storage
electronic_accessories,hard drive,hard drive carry case,storage
electronic_accessories,hard drive,hard drive everyday carry,usage
electronic_accessories,hard drive,hard drive EDC setup,usage
electronic_accessories,hard drive,hard drive damaged,problem
electronic_accessories,hard drive,hard drive best case for,problem
electronic_accessories,SSD,SSD hard case,protection
electronic_accessories,SSD,SSD protective case,protection
electronic_accessories,SSD,SSD storage case,storage
electronic_accessories,SSD,SSD carry case,storage
electronic_accessories,SSD,SSD everyday carry,usage
electronic_accessories,SSD,SSD EDC setup,usage
electronic_accessories,SSD,SSD damaged,problem
electronic_accessories,SSD,SSD best case for,problem
electronic_accessories,external storage,external storage hard case,protection
electronic_accessories,external storage,external storage protective case,protection
electronic_accessories,external storage,external storage storage case,storage
electronic_accessories,external storage,external storage carry case,storage
electronic_accessories,external storage,external storage everyday carry,usage
electronic_accessories,external storage,external storage EDC setup,usage
electronic_accessories,external storage,external storage damaged,problem
electronic_accessories,external storage,external storage best case for,problem
electronic_accessories,USB drive,USB drive hard case,protection
electronic_accessories,USB drive,USB drive protective case,protection
electronic_accessories,USB drive,USB drive storage case,storage
electronic_accessories,USB drive,USB drive carry case,storage
electronic_accessories,USB drive,USB drive everyday carry,usage
electronic_accessories,USB drive,USB drive EDC setup,usage
electronic_accessories,USB drive,USB drive damaged,problem
electronic_accessories,USB drive,USB drive best case for,problem
electronic_accessories,laptop,laptop hard case,protection
electronic_accessories,laptop,laptop protective case,protection
electronic_accessories,laptop,laptop storage case,storage
electronic_accessories,laptop,laptop carry case,storage
electronic_accessories,laptop,laptop everyday carry,usage
electronic_accessories,laptop,laptop EDC setup,usage
electronic_accessories,laptop,laptop damaged,problem
electronic_accessories,laptop,laptop best case for,problem
electronic_accessories,power bank,power bank hard case,protection
electronic_accessories,power bank,power bank protective case,protection
electronic_accessories,power bank,power bank storage case,storage
electronic_accessories,power bank,power bank carry case,storage
electronic_accessories,power bank,power bank everyday carry,usage
electronic_accessories,power bank,power bank EDC setup,usage
electronic_accessories,power bank,power bank damaged,problem
electronic_accessories,power bank,power bank best case for,problem
eyewear_optics,sunglasses,sunglasses hard case,protection
eyewear_optics,sunglasses,sunglasses protective case,protection
eyewear_optics,sunglasses,sunglasses storage case,storage
eyewear_optics,sunglasses,sunglasses carry case,storage
eyewear_optics,sunglasses,sunglasses everyday carry,usage
eyewear_optics,sunglasses,sunglasses EDC setup,usage
eyewear_optics,sunglasses,sunglasses damaged,problem
eyewear_optics,sunglasses,sunglasses best case for,problem
eyewear_optics,eyeglasses,eyeglasses hard case,protection
eyewear_optics,eyeglasses,eyeglasses protective case,protection
eyewear_optics,eyeglasses,eyeglasses storage case,storage
eyewear_optics,eyeglasses,eyeglasses carry case,storage
eyewear_optics,eyeglasses,eyeglasses everyday carry,usage
eyewear_optics,eyeglasses,eyeglasses EDC setup,usage
eyewear_optics,eyeglasses,eyeglasses damaged,problem
eyewear_optics,eyeglasses,eyeglasses best case for,problem
eyewear_optics,goggles,goggles hard case,protection
eyewear_optics,goggles,goggles protective case,protection
eyewear_optics,goggles,goggles storage case,storage
eyewear_optics,goggles,goggles carry case,storage
eyewear_optics,goggles,goggles everyday carry,usage
eyewear_optics,goggles,goggles EDC setup,usage
eyewear_optics,goggles,goggles damaged,problem
eyewear_optics,goggles,goggles best case for,problem
eyewear_optics,binoculars,binoculars hard case,protection
eyewear_optics,binoculars,binoculars protective case,protection
eyewear_optics,binoculars,binoculars storage case,storage
eyewear_optics,binoculars,binoculars carry case,storage
eyewear_optics,binoculars,binoculars everyday carry,usage
eyewear_optics,binoculars,binoculars EDC setup,usage
eyewear_optics,binoculars,binoculars damaged,problem
eyewear_optics,binoculars,binoculars best case for,problem
eyewear_optics,telescope,telescope hard case,protection
eyewear_optics,telescope,telescope protective case,protection
eyewear_optics,telescope,telescope storage case,storage
eyewear_optics,telescope,telescope carry case,storage
eyewear_optics,telescope,telescope everyday carry,usage
eyewear_optics,telescope,telescope EDC setup,usage
eyewear_optics,telescope,telescope damaged,problem
eyewear_optics,telescope,telescope best case for,problem
eyewear_optics,spectacles,spectacles hard case,protection
eyewear_optics,spectacles,spectacles protective case,protection
eyewear_optics,spectacles,spectacles storage case,storage
eyewear_optics,spectacles,spectacles carry case,storage
eyewear_optics,spectacles,spectacles everyday carry,usage
eyewear_optics,spectacles,spectacles EDC setup,usage
eyewear_optics,spectacles,spectacles damaged,problem
eyewear_optics,spectacles,spectacles best case for,problem
kitchen_cookware,chef knife,chef knife hard case,protection
kitchen_cookware,chef knife,chef knife protective case,protection
kitchen_cookware,chef knife,chef knife storage case,storage
kitchen_cookware,chef knife,chef knife carry case,storage
kitchen_cookware,chef knife,chef knife everyday carry,usage
kitchen_cookware,chef knife,chef knife EDC setup,usage
kitchen_cookware,chef knife,chef knife damaged,problem
kitchen_cookware,chef knife,chef knife best case for,problem
kitchen_cookware,kitchen knife set,kitchen knife set hard case,protection
kitchen_cookware,kitchen knife set,kitchen knife set protective case,protection
kitchen_cookware,kitchen knife set,kitchen knife set storage case,storage
kitchen_cookware,kitchen knife set,kitchen knife set carry case,storage
kitchen_cookware,kitchen knife set,kitchen knife set everyday carry,usage
kitchen_cookware,kitchen knife set,kitchen knife set EDC setup,usage
kitchen_cookware,kitchen knife set,kitchen knife set damaged,problem
kitchen_cookware,kitchen knife set,kitchen knife set best case for,problem
kitchen_cookware,cast iron skillet,cast iron skillet hard case,protection
kitchen_cookware,cast iron skillet,cast iron skillet protective case,protection
kitchen_cookware,cast iron skillet,cast iron skillet storage case,storage
kitchen_cookware,cast iron skillet,cast iron skillet carry case,storage
kitchen_cookware,cast iron skillet,cast iron skillet everyday carry,usage
kitchen_cookware,cast iron skillet,cast iron skillet EDC setup,usage
kitchen_cookware,cast iron skillet,cast iron skillet damaged,problem
kitchen_cookware,cast iron skillet,cast iron skillet best case for,problem
kitchen_cookware,wine glass,wine glass hard case,protection
kitchen_cookware,wine glass,wine glass protective case,protection
kitchen_cookware,wine glass,wine glass storage case,storage
kitchen_cookware,wine glass,wine glass carry case,storage
kitchen_cookware,wine glass,wine glass everyday carry,usage
kitchen_cookware,wine glass,wine glass EDC setup,usage
kitchen_cookware,wine glass,wine glass damaged,problem
kitchen_cookware,wine glass,wine glass best case for,problem
kitchen_cookware,espresso machine,espresso machine hard case,protection
kitchen_cookware,espresso machine,espresso machine protective case,protection
kitchen_cookware,espresso machine,espresso machine storage case,storage
kitchen_cookware,espresso machine,espresso machine carry case,storage
kitchen_cookware,espresso machine,espresso machine everyday carry,usage
kitchen_cookware,espresso machine,espresso machine EDC setup,usage
kitchen_cookware,espresso machine,espresso machine damaged,problem
kitchen_cookware,espresso machine,espresso machine best case for,problem
kitchen_cookware,blender,blender hard case,protection
kitchen_cookware,blender,blender protective case,protection
kitchen_cookware,blender,blender storage case,storage
kitchen_cookware,blender,blender carry case,storage
kitchen_cookware,blender,blender everyday carry,usage
kitchen_cookware,blender,blender EDC setup,usage
kitchen_cookware,blender,blender damaged,problem
kitchen_cookware,blender,blender best case for,problem
sports_fitness,golf clubs,golf clubs hard case,protection
sports_fitness,golf clubs,golf clubs protective case,protection
sports_fitness,golf clubs,golf clubs storage case,storage
sports_fitness,golf clubs,golf clubs carry case,storage
sports_fitness,golf clubs,golf clubs everyday carry,usage
sports_fitness,golf clubs,golf clubs EDC setup,usage
sports_fitness,golf clubs,golf clubs damaged,problem
sports_fitness,golf clubs,golf clubs best case for,problem
sports_fitness,tennis racket,tennis racket hard case,protection
sports_fitness,tennis racket,tennis racket protective case,protection
sports_fitness,tennis racket,tennis racket storage case,storage
sports_fitness,tennis racket,tennis racket carry case,storage
sports_fitness,tennis racket,tennis racket everyday carry,usage
sports_fitness,tennis racket,tennis racket EDC setup,usage
sports_fitness,tennis racket,tennis racket damaged,problem
sports_fitness,tennis racket,tennis racket best case for,problem
sports_fitness,bicycle,bicycle hard case,protection
sports_fitness,bicycle,bicycle protective case,protection
sports_fitness,bicycle,bicycle storage case,storage
sports_fitness,bicycle,bicycle carry case,storage
sports_fitness,bicycle,bicycle everyday carry,usage
sports_fitness,bicycle,bicycle EDC setup,usage
sports_fitness,bicycle,bicycle damaged,problem
sports_fitness,bicycle,bicycle best case for,problem
sports_fitness,skateboard,skateboard hard case,protection
sports_fitness,skateboard,skateboard protective case,protection
sports_fitness,skateboard,skateboard storage case,storage
sports_fitness,skateboard,skateboard carry case,storage
sports_fitness,skateboard,skateboard everyday carry,usage
sports_fitness,skateboard,skateboard EDC setup,usage
sports_fitness,skateboard,skateboard damaged,problem
sports_fitness,skateboard,skateboard best case for,problem
sports_fitness,surfboard,surfboard hard case,protection
sports_fitness,surfboard,surfboard protective case,protection
sports_fitness,surfboard,surfboard storage case,storage
sports_fitness,surfboard,surfboard carry case,storage
sports_fitness,surfboard,surfboard everyday carry,usage
sports_fitness,surfboard,surfboard EDC setup,usage
sports_fitness,surfboard,surfboard damaged,problem
sports_fitness,surfboard,surfboard best case for,problem
sports_fitness,dumbbells,dumbbells hard case,protection
sports_fitness,dumbbells,dumbbells protective case,protection
sports_fitness,dumbbells,dumbbells storage case,storage
sports_fitness,dumbbells,dumbbells carry case,storage
sports_fitness,dumbbells,dumbbells everyday carry,usage
sports_fitness,dumbbells,dumbbells EDC setup,usage
sports_fitness,dumbbells,dumbbells damaged,problem
sports_fitness,dumbbells,dumbbells best case for,problem
medical_health,CPAP machine,CPAP machine hard case,protection
medical_health,CPAP machine,CPAP machine protective case,protection
medical_health,CPAP machine,CPAP machine storage case,storage
medical_health,CPAP machine,CPAP machine carry case,storage
medical_health,CPAP machine,CPAP machine everyday carry,usage
medical_health,CPAP machine,CPAP machine EDC setup,usage
medical_health,CPAP machine,CPAP machine damaged,problem
medical_health,CPAP machine,CPAP machine best case for,problem
medical_health,hearing aid,hearing aid hard case,protection
medical_health,hearing aid,hearing aid protective case,protection
medical_health,hearing aid,hearing aid storage case,storage
medical_health,hearing aid,hearing aid carry case,storage
medical_health,hearing aid,hearing aid everyday carry,usage
medical_health,hearing aid,hearing aid EDC setup,usage
medical_health,hearing aid,hearing aid damaged,problem
medical_health,hearing aid,hearing aid best case for,problem
medical_health,blood pressure monitor,blood pressure monitor hard case,protection
medical_health,blood pressure monitor,blood pressure monitor protective case,protection
medical_health,blood pressure monitor,blood pressure monitor storage case,storage
medical_health,blood pressure monitor,blood pressure monitor carry case,storage
medical_health,blood pressure monitor,blood pressure monitor everyday carry,usage
medical_health,blood pressure monitor,blood pressure monitor EDC setup,usage
medical_health,blood pressure monitor,blood pressure monitor damaged,problem
medical_health,blood pressure monitor,blood pressure monitor best case for,problem
medical_health,glucose meter,glucose meter hard case,protection
medical_health,glucose meter,glucose meter protective case,protection
medical_health,glucose meter,glucose meter storage case,storage
medical_health,glucose meter,glucose meter carry case,storage
medical_health,glucose meter,glucose meter everyday carry,usage
medical_health,glucose meter,glucose meter EDC setup,usage
medical_health,glucose meter,glucose meter damaged,problem
medical_health,glucose meter,glucose meter best case for,problem
medical_health,inhaler,inhaler hard case,protection
medical_health,inhaler,inhaler protective case,protection
medical_health,inhaler,inhaler storage case,storage
medical_health,inhaler,inhaler carry case,storage
medical_health,inhaler,inhaler everyday carry,usage
medical_health,inhaler,inhaler EDC setup,usage
medical_health,inhaler,inhaler damaged,problem
medical_health,inhaler,inhaler best case for,problem
medical_health,first aid kit,first aid kit hard case,protection
medical_health,first aid kit,first aid kit protective case,protection
medical_health,first aid kit,first aid kit storage case,storage
medical_health,first aid kit,first aid kit carry case,storage
medical_health,first aid kit,first aid kit everyday carry,usage
medical_health,first aid kit,first aid kit EDC setup,usage
medical_health,first aid kit,first aid kit damaged,problem
medical_health,first aid kit,first aid kit best case for,problem
baby_kids,stroller,stroller hard case,protection
baby_kids,stroller,stroller protective case,protection
baby_kids,stroller,stroller storage case,storage
baby_kids,stroller,stroller carry case,storage
baby_kids,stroller,stroller everyday carry,usage
baby_kids,stroller,stroller EDC setup,usage
baby_kids,stroller,stroller damaged,problem
baby_kids,stroller,stroller best case for,problem
baby_kids,car seat,car seat hard case,protection
baby_kids,car seat,car seat protective case,protection
baby_kids,car seat,car seat storage case,storage
baby_kids,car seat,car seat carry case,storage
baby_kids,car seat,car seat everyday carry,usage
baby_kids,car seat,car seat EDC setup,usage
baby_kids,car seat,car seat damaged,problem
baby_kids,car seat,car seat best case for,problem
baby_kids,baby monitor,baby monitor hard case,protection
baby_kids,baby monitor,baby monitor protective case,protection
baby_kids,baby monitor,baby monitor storage case,storage
baby_kids,baby monitor,baby monitor carry case,storage
baby_kids,baby monitor,baby monitor everyday carry,usage
baby_kids,baby monitor,baby monitor EDC setup,usage
baby_kids,baby monitor,baby monitor damaged,problem
baby_kids,baby monitor,baby monitor best case for,problem
baby_kids,toys,toys hard case,protection
baby_kids,toys,toys protective case,protection
baby_kids,toys,toys storage case,storage
baby_kids,toys,toys carry case,storage
baby_kids,toys,toys everyday carry,usage
baby_kids,toys,toys EDC setup,usage
baby_kids,toys,toys damaged,problem
baby_kids,toys,toys best case for,problem
baby_kids,building blocks,building blocks hard case,protection
baby_kids,building blocks,building blocks protective case,protection
baby_kids,building blocks,building blocks storage case,storage
baby_kids,building blocks,building blocks carry case,storage
baby_kids,building blocks,building blocks everyday carry,usage
baby_kids,building blocks,building blocks EDC setup,usage
baby_kids,building blocks,building blocks damaged,problem
baby_kids,building blocks,building blocks best case for,problem
baby_kids,kids camera,kids camera hard case,protection
baby_kids,kids camera,kids camera protective case,protection
baby_kids,kids camera,kids camera storage case,storage
baby_kids,kids camera,kids camera carry case,storage
baby_kids,kids camera,kids camera everyday carry,usage
baby_kids,kids camera,kids camera EDC setup,usage
baby_kids,kids camera,kids camera damaged,problem
baby_kids,kids camera,kids camera best case for,problem
instrument_accessories,pedal,pedal hard case,protection
instrument_accessories,pedal,pedal protective case,protection
instrument_accessories,pedal,pedal storage case,storage
instrument_accessories,pedal,pedal carry case,storage
instrument_accessories,pedal,pedal everyday carry,usage
instrument_accessories,pedal,pedal EDC setup,usage
instrument_accessories,pedal,pedal damaged,problem
instrument_accessories,pedal,pedal best case for,problem
instrument_accessories,amplifier,amplifier hard case,protection
instrument_accessories,amplifier,amplifier protective case,protection
instrument_accessories,amplifier,amplifier storage case,storage
instrument_accessories,amplifier,amplifier carry case,storage
instrument_accessories,amplifier,amplifier everyday carry,usage
instrument_accessories,amplifier,amplifier EDC setup,usage
instrument_accessories,amplifier,amplifier damaged,problem
instrument_accessories,amplifier,amplifier best case for,problem
instrument_accessories,effects pedal,effects pedal hard case,protection
instrument_accessories,effects pedal,effects pedal protective case,protection
instrument_accessories,effects pedal,effects pedal storage case,storage
instrument_accessories,effects pedal,effects pedal carry case,storage
instrument_accessories,effects pedal,effects pedal everyday carry,usage
instrument_accessories,effects pedal,effects pedal EDC setup,usage
instrument_accessories,effects pedal,effects pedal damaged,problem
instrument_accessories,effects pedal,effects pedal best case for,problem
instrument_accessories,instrument cable,instrument cable hard case,protection
instrument_accessories,instrument cable,instrument cable protective case,protection
instrument_accessories,instrument cable,instrument cable storage case,storage
instrument_accessories,instrument cable,instrument cable carry case,storage
instrument_accessories,instrument cable,instrument cable everyday carry,usage
instrument_accessories,instrument cable,instrument cable EDC setup,usage
instrument_accessories,instrument cable,instrument cable damaged,problem
instrument_accessories,instrument cable,instrument cable best case for,problem
instrument_accessories,tuner,tuner hard case,protection
instrument_accessories,tuner,tuner protective case,protection
instrument_accessories,tuner,tuner storage case,storage
instrument_accessories,tuner,tuner carry case,storage
instrument_accessories,tuner,tuner everyday carry,usage
instrument_accessories,tuner,tuner EDC setup,usage
instrument_accessories,tuner,tuner damaged,problem
instrument_accessories,tuner,tuner best case for,problem
instrument_accessories,metronome,metronome hard case,protection
instrument_accessories,metronome,metronome protective case,protection
instrument_accessories,metronome,metronome storage case,storage
instrument_accessories,metronome,metronome carry case,storage
instrument_accessories,metronome,metronome everyday carry,usage
instrument_accessories,metronome,metronome EDC setup,usage
instrument_accessories,metronome,metronome damaged,problem
instrument_accessories,metronome,metronome best case for,problem
drone_rc,RC car,RC car hard case,protection
drone_rc,RC car,RC car protective case,protection
drone_rc,RC car,RC car storage case,storage
drone_rc,RC car,RC car carry case,storage
drone_rc,RC car,RC car everyday carry,usage
drone_rc,RC car,RC car EDC setup,usage
drone_rc,RC car,RC car damaged,problem
drone_rc,RC car,RC car best case for,problem
drone_rc,RC plane,RC plane hard case,protection
drone_rc,RC plane,RC plane protective case,protection
drone_rc,RC plane,RC plane storage case,storage
drone_rc,RC plane,RC plane carry case,storage
drone_rc,RC plane,RC plane everyday carry,usage
drone_rc,RC plane,RC plane EDC setup,usage
drone_rc,RC plane,RC plane damaged,problem
drone_rc,RC plane,RC plane best case for,problem
drone_rc,FPV drone,FPV drone hard case,protection
drone_rc,FPV drone,FPV drone protective case,protection
drone_rc,FPV drone,FPV drone storage case,storage
drone_rc,FPV drone,FPV drone carry case,storage
drone_rc,FPV drone,FPV drone everyday carry,usage
drone_rc,FPV drone,FPV drone EDC setup,usage
drone_rc,FPV drone,FPV drone damaged,problem
drone_rc,FPV drone,FPV drone best case for,problem
drone_rc,racing drone,racing drone hard case,protection
drone_rc,racing drone,racing drone protective case,protection
drone_rc,racing drone,racing drone storage case,storage
drone_rc,racing drone,racing drone carry case,storage
drone_rc,racing drone,racing drone everyday carry,usage
drone_rc,racing drone,racing drone EDC setup,usage
drone_rc,racing drone,racing drone damaged,problem
drone_rc,racing drone,racing drone best case for,problem
drone_rc,RC helicopter,RC helicopter hard case,protection
drone_rc,RC helicopter,RC helicopter protective case,protection
drone_rc,RC helicopter,RC helicopter storage case,storage
drone_rc,RC helicopter,RC helicopter carry case,storage
drone_rc,RC helicopter,RC helicopter everyday carry,usage
drone_rc,RC helicopter,RC helicopter EDC setup,usage
drone_rc,RC helicopter,RC helicopter damaged,problem
drone_rc,RC helicopter,RC helicopter best case for,problem
beauty_personal,hair dryer,hair dryer hard case,protection
beauty_personal,hair dryer,hair dryer protective case,protection
beauty_personal,hair dryer,hair dryer storage case,storage
beauty_personal,hair dryer,hair dryer carry case,storage
beauty_personal,hair dryer,hair dryer everyday carry,usage
beauty_personal,hair dryer,hair dryer EDC setup,usage
beauty_personal,hair dryer,hair dryer damaged,problem
beauty_personal,hair dryer,hair dryer best case for,problem
beauty_personal,straightener,straightener hard case,protection
beauty_personal,straightener,straightener protective case,protection
beauty_personal,straightener,straightener storage case,storage
beauty_personal,straightener,straightener carry case,storage
beauty_personal,straightener,straightener everyday carry,usage
beauty_personal,straightener,straightener EDC setup,usage
beauty_personal,straightener,straightener damaged,problem
beauty_personal,straightener,straightener best case for,problem
beauty_personal,curling iron,curling iron hard case,protection
beauty_personal,curling iron,curling iron protective case,protection
beauty_personal,curling iron,curling iron storage case,storage
beauty_personal,curling iron,curling iron carry case,storage
beauty_personal,curling iron,curling iron everyday carry,usage
beauty_personal,curling iron,curling iron EDC setup,usage
beauty_personal,curling iron,curling iron damaged,problem
beauty_personal,curling iron,curling iron best case for,problem
beauty_personal,electric toothbrush,electric toothbrush hard case,protection
beauty_personal,electric toothbrush,electric toothbrush protective case,protection
beauty_personal,electric toothbrush,electric toothbrush storage case,storage
beauty_personal,electric toothbrush,electric toothbrush carry case,storage
beauty_personal,electric toothbrush,electric toothbrush everyday carry,usage
beauty_personal,electric toothbrush,electric toothbrush EDC setup,usage
beauty_personal,electric toothbrush,electric toothbrush damaged,problem
beauty_personal,electric toothbrush,electric toothbrush best case for,problem
beauty_personal,shaver,shaver hard case,protection
beauty_personal,shaver,shaver protective case,protection
beauty_personal,shaver,shaver storage case,storage
beauty_personal,shaver,shaver carry case,storage
beauty_personal,shaver,shaver everyday carry,usage
beauty_personal,shaver,shaver EDC setup,usage
beauty_personal,shaver,shaver damaged,problem
beauty_personal,shaver,shaver best case for,problem
beauty_personal,skincare device,skincare device hard case,protection
beauty_personal,skincare device,skincare device protective case,protection
beauty_personal,skincare device,skincare device storage case,storage
beauty_personal,skincare device,skincare device carry case,storage
beauty_personal,skincare device,skincare device everyday carry,usage
beauty_personal,skincare device,skincare device EDC setup,usage
beauty_personal,skincare device,skincare device damaged,problem
beauty_personal,skincare device,skincare device best case for,problem
art_crafts,paint set,paint set hard case,protection
art_crafts,paint set,paint set protective case,protection
art_crafts,paint set,paint set storage case,storage
art_crafts,paint set,paint set carry case,storage
art_crafts,paint set,paint set everyday carry,usage
art_crafts,paint set,paint set EDC setup,usage
art_crafts,paint set,paint set damaged,problem
art_crafts,paint set,paint set best case for,problem
art_crafts,art supplies,art supplies hard case,protection
art_crafts,art supplies,art supplies protective case,protection
art_crafts,art supplies,art supplies storage case,storage
art_crafts,art supplies,art supplies carry case,storage
art_crafts,art supplies,art supplies everyday carry,usage
art_crafts,art supplies,art supplies EDC setup,usage
art_crafts,art supplies,art supplies damaged,problem
art_crafts,art supplies,art supplies best case for,problem
art_crafts,sketchbook,sketchbook hard case,protection
art_crafts,sketchbook,sketchbook protective case,protection
art_crafts,sketchbook,sketchbook storage case,storage
art_crafts,sketchbook,sketchbook carry case,storage
art_crafts,sketchbook,sketchbook everyday carry,usage
art_crafts,sketchbook,sketchbook EDC setup,usage
art_crafts,sketchbook,sketchbook damaged,problem
art_crafts,sketchbook,sketchbook best case for,problem
art_crafts,crafting tools,crafting tools hard case,protection
art_crafts,crafting tools,crafting tools protective case,protection
art_crafts,crafting tools,crafting tools storage case,storage
art_crafts,crafting tools,crafting tools carry case,storage
art_crafts,crafting tools,crafting tools everyday carry,usage
art_crafts,crafting tools,crafting tools EDC setup,usage
art_crafts,crafting tools,crafting tools damaged,problem
art_crafts,crafting tools,crafting tools best case for,problem
art_crafts,sewing machine,sewing machine hard case,protection
art_crafts,sewing machine,sewing machine protective case,protection
art_crafts,sewing machine,sewing machine storage case,storage
art_crafts,sewing machine,sewing machine carry case,storage
art_crafts,sewing machine,sewing machine everyday carry,usage
art_crafts,sewing machine,sewing machine EDC setup,usage
art_crafts,sewing machine,sewing machine damaged,problem
art_crafts,sewing machine,sewing machine best case for,problem
art_crafts,embroidery kit,embroidery kit hard case,protection
art_crafts,embroidery kit,embroidery kit protective case,protection
art_crafts,embroidery kit,embroidery kit storage case,storage
art_crafts,embroidery kit,embroidery kit carry case,storage
art_crafts,embroidery kit,embroidery kit everyday carry,usage
art_crafts,embroidery kit,embroidery kit EDC setup,usage
art_crafts,embroidery kit,embroidery kit damaged,problem
art_crafts,embroidery kit,embroidery kit best case for,problem
jewelry_watches,watch,watch hard case,protection
jewelry_watches,watch,watch protective case,protection
jewelry_watches,watch,watch storage case,storage
jewelry_watches,watch,watch carry case,storage
jewelry_watches,watch,watch everyday carry,usage
jewelry_watches,watch,watch EDC setup,usage
jewelry_watches,watch,watch damaged,problem
jewelry_watches,watch,watch best case for,problem
jewelry_watches,jewelry,jewelry hard case,protection
jewelry_watches,jewelry,jewelry protective case,protection
jewelry_watches,jewelry,jewelry storage case,storage
jewelry_watches,jewelry,jewelry carry case,storage
jewelry_watches,jewelry,jewelry everyday carry,usage
jewelry_watches,jewelry,jewelry EDC setup,usage
jewelry_watches,jewelry,jewelry damaged,problem
jewelry_watches,jewelry,jewelry best case for,problem
jewelry_watches,necklace,necklace hard case,protection
jewelry_watches,necklace,necklace protective case,protection
jewelry_watches,necklace,necklace storage case,storage
jewelry_watches,necklace,necklace carry case,storage
jewelry_watches,necklace,necklace everyday carry,usage
jewelry_watches,necklace,necklace EDC setup,usage
jewelry_watches,necklace,necklace damaged,problem
jewelry_watches,necklace,necklace best case for,problem
jewelry_watches,bracelet,bracelet hard case,protection
jewelry_watches,bracelet,bracelet protective case,protection
jewelry_watches,bracelet,bracelet storage case,storage
jewelry_watches,bracelet,bracelet carry case,storage
jewelry_watches,bracelet,bracelet everyday carry,usage
jewelry_watches,bracelet,bracelet EDC setup,usage
jewelry_watches,bracelet,bracelet damaged,problem
jewelry_watches,bracelet,bracelet best case for,problem
jewelry_watches,ring,ring hard case,protection
jewelry_watches,ring,ring protective case,protection
jewelry_watches,ring,ring storage case,storage
jewelry_watches,ring,ring carry case,storage
jewelry_watches,ring,ring everyday carry,usage
jewelry_watches,ring,ring EDC setup,usage
jewelry_watches,ring,ring damaged,problem
jewelry_watches,ring,ring best case for,problem
jewelry_watches,earrings,earrings hard case,protection
jewelry_watches,earrings,earrings protective case,protection
jewelry_watches,earrings,earrings storage case,storage
jewelry_watches,earrings,earrings carry case,storage
jewelry_watches,earrings,earrings everyday carry,usage
jewelry_watches,earrings,earrings EDC setup,usage
jewelry_watches,earrings,earrings damaged,problem
jewelry_watches,earrings,earrings best case for,problem
discovery,discovery,hard case review,discovery
discovery,discovery,protective case for valuable items,discovery
discovery,discovery,best carry case,discovery
discovery,discovery,storage solution for fragile items,discovery
discovery,discovery,gear organizer,discovery
discovery,discovery,equipment storage,discovery
discovery,discovery,cables organizer,discovery
discovery,discovery,tech organizer bag,discovery
discovery,discovery,travel fragile items,discovery
discovery,discovery,how to protect fragile gear,discovery
discovery,discovery,packing fragile equipment,discovery
discovery,discovery,fragile items travel case,discovery
discovery,discovery,best protective case,discovery
discovery,discovery,shockproof case review,discovery
discovery,discovery,waterproof case for gear,discovery
discovery,discovery,crush proof case,discovery
discovery,discovery,impact protection case,discovery
discovery,discovery,damage protection case,discovery
discovery,discovery,safe transport case,discovery
discovery,discovery,hard shell case review,discovery
discovery,discovery,protective case comparison,discovery
discovery,discovery,best hard case brand,discovery
discovery,discovery,durable case for expensive equipment,discovery
discovery,discovery,heavy duty protective case,discovery
discovery,discovery,compact storage case,discovery
discovery,discovery,organizer case review,discovery
discovery,discovery,carrying case recommendation,discovery
discovery,discovery,travel case for valuables,discovery
discovery,discovery,portable case solution,discovery
discovery,discovery,fragile equipment storage,discovery
discovery,discovery,professional gear case,discovery
discovery,discovery,storage case for hobby,discovery
discovery,discovery,travel setup for gear,discovery
discovery,discovery,EDC carry case,discovery
discovery,discovery,everyday carry organizer,discovery
discovery,discovery,gear bag setup,discovery
discovery,discovery,kit bag organization,discovery
discovery,discovery,packing solution for equipment,discovery
discovery,discovery,how to pack fragile gear,discovery
discovery,discovery,travel packing tips gear,discovery
discovery,discovery,best packing method fragile,discovery
discovery,discovery,moving fragile items,discovery
discovery,discovery,shipping fragile equipment,discovery
discovery,discovery,best case for camera gear,discovery
discovery,discovery,best case for camera lens,discovery
discovery,discovery,best case for drone,discovery
discovery,discovery,best case for guitar,discovery
discovery,discovery,best case for violin,discovery
discovery,discovery,best case for keyboard,discovery
discovery,discovery,best case for synthesizer,discovery
discovery,discovery,best case for DJ controller,discovery
discovery,discovery,best case for laptop,discovery
discovery,discovery,best case for hard drive,discovery
discovery,discovery,best case for Steam Deck,discovery
discovery,discovery,best case for Nintendo Switch,discovery
discovery,discovery,best case for gaming headset,discovery
discovery,discovery,best case for power tools,discovery
discovery,discovery,best case for drill,discovery
discovery,discovery,best case for oscilloscope,discovery
discovery,discovery,best case for soldering iron,discovery
discovery,discovery,best case for tent,discovery
discovery,discovery,best case for sleeping bag,discovery
discovery,discovery,best case for fishing gear,discovery
discovery,discovery,best case for headphones,discovery
discovery,discovery,best case for figurines,discovery
discovery,discovery,best case for collectibles,discovery
discovery,discovery,best case for vinyl records,discovery
discovery,discovery,best case for art supplies,discovery
discovery,discovery,best case for makeup,discovery
discovery,discovery,best case for tools,discovery
discovery,discovery,best case for fragile items,discovery
discovery,discovery,best protective case for travel,discovery
discovery,discovery,best storage case organization,discovery
discovery,discovery,how to store camera equipment,discovery
discovery,discovery,how to store guitar at home,discovery
discovery,discovery,how to transport drone,discovery
discovery,discovery,how to pack fragile decorations,discovery
discovery,discovery,how to ship collectibles safely,discovery
discovery,discovery,moving fragile belongings,discovery
discovery,discovery,best way to pack fragile items,discovery
discovery,discovery,travel fragile belongings protection,discovery
